ID_event,Event_Type,Event_Description,Event_Strength,Geographic_Impact,Start_date,End_date,Precise_Date_Start,Precise_Date_End,Season,Chronological_precision,Lat,Lon,Modern_Location_Name,Ancient_Location_Name,Spatial_Precision,Extra_Notes,Paleoenvironmental_Comparison,Pfister_Wet_Dry,Pfister_Cold_Warm
6,4,"L'annalista indica all'anno 1009 l'avvenimento di una grandinata tale da distruggere olivi e uccidere pesci e uccelli, verosimilmente in Italia",3,4,1009,1009,NA,NA,NA,3,NA,NA,Italia,Italia,FALSE,NA,NA,3,-3
7,4,"L'annalista indica all'anno 1024 l'avvenimento di una forte grandinata, probabilmente in Italia",1,4,1024,1024,NA,NA,NA,3,NA,NA,Italia,Italia,FALSE,NA,NA,1,-1
24,4,Il cronista indica all'anno 1234 una forte grandinata con neve e una tempesta in Puglia nel 1234 tali da aver causato una carestia,1,4,1234,1234,1/1/1234,28/02/1234,Inverno,4,NA,NA,Puglia,Apulia,FALSE,NA,NA,1,-1
34,8,L'atto datato 31 maggio 1315 indica un calore eccessivo e un periodo di siccità in Puglia,2,3,1315,1315,31/05/1315,31/05/1315,Primavera,5,NA,NA,Puglia,Apulia,FALSE,NA,NA,-2,2
35,8,L'atto datato 31 maggio 1315 indica un calore eccessivo e un periodo di siccità a Calaggio,2,1,1315,1315,31/05/1315,31/05/1315,Primavera,5,41.05890033000001,15.3498391,Calaggio,NA,TRUE,NA,NA,-2,2
36,8,L'atto datato 31 maggio 1315 indica un calore eccessivo e un periodo di siccità a Domicella,2,1,1315,1315,31/05/1315,31/05/1315,Primavera,5,40.87918553,14.58823228,Domicella,NA,TRUE,NA,NA,-2,2
37,8,L'atto datato 31 maggio 1315 indica un calore eccessivo e un periodo di siccità in San Marco in Ordona,2,1,1315,1315,31/05/1315,31/05/1315,Primavera,5,41.190000000000005,15.38,San Marco di Ordona,NA,TRUE,NA,NA,-2,2
38,8,L'atto datato 31 maggio 1315 indica un calore eccessivo e un periodo di siccità a Foggia,2,1,1315,1315,31/05/1315,31/05/1315,Primavera,5,41.27,15.33,Foggia,NA,TRUE,NA,NA,-2,2
40,1,L'atto datato 26 febbraio 1325 indica una siccità in Terra di Bari,3,4,1325,1325,26/02/1325,26/02/1325,Inverno,5,NA,NA,Terra di Bari,NA,FALSE,NA,NA,-3,NA
41,8,Calore eccessivo tra il 1323 e il 1325 in Terra di Bari,3,4,1325,1325,26/02/1325,26/02/1325,Inverno,5,NA,NA,Terra di Bari,NA,FALSE,NA,NA,-3,3
42,9,Freddo eccessivo tra il 1323 e il 1325 in Terra di Bari,3,4,1325,1325,26/02/1325,26/02/1325,Inverno,5,NA,NA,Terra di Bari,NA,FALSE,NA,NA,3,-3
47,8,"Il cronista indica all'anno 1475, il 27 agosto, l'avvenimento di un calore eccessivo a Lecce tale da seccare tutte le vigne",2,1,1475,1475,27/08/1475,27/08/1475,Estate,5,40.35459999,18.16702035,Lecce,NA,TRUE,NA,NA,-2,2
49,9,Il cronista indica all'anno 1478 l'avvenimento di un freddo eccessivo a Lecce tale da provcare un'alta mortalità di pesce in mare,2,1,1478,1478,NA,NA,NA,3,40.35459999,18.16702035,Lecce,NA,TRUE,NA,NA,2,-2
50,5,"Il cronista indica all'anno 1190 che vi furono 'forti pioggie' ma omette il luogo, probabilmente si riferisce all'Italia",3,4,1190,1190,NA,NA,NA,3,NA,NA,Italia,Italia,FALSE,NA,NA,3,NA
55,4,Il cronista indica all'anno 1468 una nevicata avvenuta a Lecce tale da seccare gli olivi e gli aranci dopo la quale morirono anche molti uccelli,2,1,1468,1468,NA,NA,NA,3,40.35459999,18.16702035,Lecce,NA,TRUE,NA,NA,2,-2
60,4,"Il cronista indica all'anno 1268, nella metà di aprile, l'avvenimento nel Regno di una forte nevicata che durò due giorni e due notti, seguita da un forte gelo che distrusse le vigne",3,4,1269,1269,15/04/1269,17/04/1269,Primavera,5,NA,NA,Regno,Regnum,FALSE,NA,NA,3,-3
61,8,"L'atto del 15 agosto 1280 indica un calore eccessivo in Capitanata, in particolare a Lucera, che provocò una carenza di pascoli tale da indurre il mastro massaro delle aziende regie a dichiarare di non poter fornire l'orzo necessario per i cavalli",2,4,1280,1280,15/08/1280,15/08/1280,Estate,5,41.50772143,15.33381979,Capitanata/Lucera,NA,FALSE,NA,NA,-2,2
63,8,"Il cronista indica all'anno 1208, durante la stagione estiva, che il calore era così intenso in Puglia che gli era loro impossibile recarvici personalmente",2,4,1208,1208,NA,NA,Estate,4,NA,NA,Puglia,Apulia,FALSE,NA,NA,-2,2
65,1,L'atto del 31 maggio 1288 indica che i campi della masseria regia di Visciglieto (in Capitanata) sono stati danneggiati dalla siccità e dal gelo,2,1,1288,1288,31/05/1288,31/05/1288,Primavera,5,41.563885559999996,15.34863339,Visciglieto,Bisselletum,TRUE,NA,NA,-2,NA
66,9,L'atto del 31 maggio 1288 indica che i campi della masseria regia di Visciglieto (in Capitanata) sono stati danneggiati dalla siccità e dal gelo,2,1,1288,1288,31/05/1288,31/05/1288,Primavera,5,41.563885559999996,15.34863339,Visciglieto,Bisselletum,TRUE,NA,NA,2,-2
88,5,L'atto notarile datato 15 gennaio 1234 indica la minaccia di un tempo piovoso che avrebbe potuto arrecare danno ad alcuni privilegi scritti della chiesa gravinese,1,1,1234,1234,15/01/1234,15/01/1234,Inverno,5,40.81867313,16.42,Gravina,Gravina,TRUE,Il fatto stesso che venga citata la minaccia di un tempo piovoso potrebbe significare l'avvenimento di una forte precipitazione fuori dall'ordinario,NA,1,NA
91,4,"Il cronista indica all'anno 1322, nei mesi di novembre, dicembre e gennaio, delle grandi nevicate avvenute in tutta Italia",2,4,1322,1323,1/11/1322,31/01/1323,Autunno/Inverno,5,NA,NA,Italia,Italia,FALSE,NA,NA,2,-2
92,1,Il cronista indica all'anno 1322 che per un periodo di otto mesi in Puglia ci fu una grande siccità tale da causare una carestia,2,3,1322,1322,NA,NA,NA,5,NA,NA,Puglia,Apulia,FALSE,NA,NA,-2,NA
103,4,Il cronista indica tra l'ottobre del 1464 e il marzo del 1465 delle forti nevicate all'Aquila,3,1,1464,1465,20/10/1464,31/03/1465,Autunno/Inverno/Primavera,5,42.348858820000004,13.39711718,L'Aquila,L'Aquila,TRUE,"Il cronista non specifica il luogo, ma dovrebbe riferirsi probabilmente a L'Aquila, cosa tuttavia non scontata in quanto di solito lo specifica sempre",NA,3,-3
104,4,Il cronista indica che il 31 marzo 1470 ci furono forti nevicate che persistettero fino al 15 aprile,2,1,1470,1470,31/03/1470,15/04/1470,Primavera,5,42.348858820000004,13.39711718,L'Aquila,L'Aquila,TRUE,"Il cronista non specifica il luogo, ma dovrebbe riferirsi probabilmente a L'Aquila, cosa tuttavia non scontata in quanto di solito lo specifica sempre",NA,2,-2
105,9,Il cronista indica come per tutto marzo del 1470 ci furono grandi freddi,2,1,1470,1470,1/3/1470,31/03/1470,Inverno/Primavera,5,42.348858820000004,13.39711718,L'Aquila,L'Aquila,TRUE,"Il cronista non specifica il luogo, ma dovrebbe riferirsi probabilmente a L'Aquila, cosa tuttavia non scontata in quanto di solito lo specifica sempre",NA,2,-2
107,5,Il cronista indica che il 15 di aprile del 1470 ci furono pioggie e mal tempo,2,1,1470,1470,15/04/1470,15/04/1470,Primavera,5,42.348858820000004,13.39711718,L'Aquila,L'Aquila,TRUE,"Il cronista non specifica il luogo, ma dovrebbe riferirsi probabilmente a L'Aquila, cosa tuttavia non scontata in quanto di solito lo specifica sempre",NA,2,NA
112,3,L'atto datato 7 giugno 1277 indica come a causa dell'inondazione delle acque ci sarebbe stato uno spostamento dell'alveo del fiume Ofanto,3,1,1277,1277,7/6/1277,7/6/1277,Primavera,5,41.327450320000004,16.18842757,Fiume Ofanto,Flumen Aufidi,TRUE,NA,NA,3,NA
113,3,L'atto datato 30 gennaio 1270 indica come una forte alluvione abbia prodotto una piena del fiume di Canne distruggendo quasi interamente il ponte costruito su di esso,2,1,1270,1270,30/01/1270,30/01/1270,Inverno,5,41.293332860000014,16.15678832,Fiume di Canne,Flumen Cannarum,TRUE,"L'ordine di ricostruire il ponte fu emanato il 16 dicembre 1270 (RA, VII, pp. 43-44) mentre il finanziamento il 12 marzo 1271 (RA, VII, p. 61)",NA,2,NA
114,5,"L'atto datato 18 ottobre 1278 indica come il lago di Salpi fosse in piena, tanto che le saline di Canne e di Salpi furono piene di acqua e per questo coperte e devastate",2,1,1278,1278,18/10/1278,18/10/1278,Autunno,5,41.377440209999996,16.12459673,Lago di Salpi,Pantanus Salparum,TRUE,NA,NA,2,NA
115,3,Un'alluvione successa nell'ottobre del 1727 ha causato la distruzione dei lavori di difesa nelle saline di Barletta,2,1,1727,1727,1/10/1727,31/10/1727,Autunno,5,41.31279327,16.28808685,Barletta,NA,TRUE,NA,NA,2,NA
116,3,Un'alluvione nel 1751 ha causato la distruzione di un ponte sul fiume Ofanto,2,1,1751,1751,NA,NA,NA,3,41.327450320000004,16.18842757,Fiume Ofanto,NA,TRUE,NA,NA,2,NA
117,3,Un'alluvione nel 1755 ha causato la piena dell'Ofanto distruggendo il ponte romano di Canosa,2,1,1755,1755,NA,NA,NA,3,41.13,16.04,Canosa,NA,TRUE,NA,NA,2,NA
118,3,Un'alluvione successa il 27 dicembre 1761 ha causato la piena dell'Ofanto che ebbe modo di straripare al lato destro del ponte romano di Canosa creando un nuovo alveo. Viene suggerito di ricostruire il ponte in un'altra posizione sul fiume.,2,1,1761,1761,27/12/1761,27/12/1761,Inverno,5,41.13,16.04,Canosa,NA,TRUE,NA,NA,2,NA
119,1,"Verosimilmente, tra il 1765 e il 1819, diversi periodi di siccità hanno portato a un basso livello le acque del lago di Salpi, rendendolo inagibile alla pesca",2,1,1765,1819,NA,NA,NA,3,41.377440209999996,16.12459673,Lago di Salpi,NA,TRUE,NA,NA,-2,NA
120,5,Nell'agosto del 1770 ci furono delle forti precipitazioni nell'area dell'Ofanto senza che queste tuttavia arrecarono danni alla salinizzazione,1,1,1770,1770,1/8/1770,30/08/1770,Estate,5,41.327450320000004,16.18842757,Fiume Ofanto,NA,TRUE,NA,NA,1,NA
121,5,Nel 1783 ci furono delle forti precipitazioni nell'area dell'Ofanto ma che comunque non arrecarono danni alla salinizzazione,1,1,1783,1783,NA,NA,NA,3,41.327450320000004,16.18842757,Fiume Ofanto,NA,TRUE,NA,NA,1,NA
122,3,Nel 1804 diverse alluvioni provocarono la piena dell'Ofanto tali da inondare le saline,2,1,1804,1804,NA,NA,NA,3,41.327450320000004,16.18842757,Fiume Ofanto,NA,TRUE,NA,NA,2,NA
123,3,Nell'inverno del 1813 diverse alluvioni provocarono la piena dell'Ofanto,2,1,1813,1813,NA,NA,Inverno,4,41.327450320000004,16.18842757,Fiume Ofanto,NA,TRUE,NA,NA,2,NA
124,3,Nel 1827 ci furono diverse alluvioni che provocarono la piena dell'Ofanto nelle saline,2,1,1827,1827,NA,NA,NA,3,41.327450320000004,16.18842757,Fiume Ofanto,NA,TRUE,NA,NA,2,NA
125,3,Nell'inverno del 1832 ci furono diverse alluvioni che provocarono la piena del fiume Carapelle e dell'Ofanto tale che la superficie del lago [di Salpi] nel quale si riversarono ebbe modo di elevarsi al di sopra del livello del mare,2,1,1832,1832,NA,NA,Inverno,4,NA,NA,Fiume Carapelle/Fiume Ofanto,NA,TRUE,NA,NA,2,NA
126,3,"Nell'inverno del 1838, le forti precipitazioni e alluvioni provocarono la piena dell'Ofanto tale da incrementare la superficie del lago di Salpi",2,1,1838,1838,NA,NA,Inverno,4,41.38039865,16.12481878,Fiume Ofanto/Lago di Salpi,NA,TRUE,NA,NA,2,NA
127,5,Nel novembre del 1840 ci furono forti precipitazioni a Margherita di Savoia,2,1,1840,1840,1/11/1840,30/11/1840,Autunno,5,41.367844739999995,16.1557186,Margherita di Savoia,NA,TRUE,NA,NA,2,NA
128,5,Nell'ottobre del 1847 ci furono forti precipitazioni a Margherita di Savoia,2,1,1847,1847,1/10/1847,31/10/1847,Autunno,5,41.367844739999995,16.1557186,Margherita di Savoia,NA,TRUE,NA,NA,2,NA
129,3,Nel 1850 diverse alluvioni provocarono la piena dell'Ofanto tanto da far crollare il ponte costruito da Traiano nel 112 a. C. tra Margherita di Savoia e Barletta,2,1,1850,1850,NA,NA,NA,3,41.367844739999995,16.1557186,Margherita di Savoia/Barletta,NA,TRUE,NA,NA,2,NA
130,3,Nel 1852 diverse alluvioni provocarono la piena dell'Ofanto tanto da causare danni al ponte di Canosa bisognoso di manutenzione,2,1,1852,1852,NA,NA,NA,3,41.13,16.04,Canosa,NA,TRUE,NA,NA,2,NA
131,3,"Nel 1853, diverse alluvioni provocarono la piena dell'Ofanto tanto che furono necessari dei lavori di riparazione del canale Ofantino",2,1,1853,1853,NA,NA,NA,3,41.34475536,16.13477782,Canale Ofantino/Fiume Ofanto,NA,TRUE,NA,NA,2,NA
133,3,L'atto datato 19 marzo 1278 indicherebbe un'imminente abbondanza d'acqua in arrivo presso le saline situate nelle zone di Orte e San Lorenzo,1,1,1278,1278,19/03/1278,19/03/1278,Inverno,5,NA,NA,Orte/San Lorenzo,NA,TRUE,NA,NA,1,NA
134,3,"L'atto datato 1° aprile 1276 c'informa di un fiume chiamato Gizzolo esistente presso Sulmona, il cui corso fu deviato, probabilmente a causa di un'alluvione",1,1,1276,1276,1/4/1276,1/4/1276,Primavera,5,42.04968494999999,13.92717615,Sulmona,Sulmone,TRUE,NA,NA,1,NA
136,3,"L'atto datato 12 marzo 1270 c'informa dell'ordine di ricostruzione del ponte di Apolla da parte di re Carlo, situato nel luogo detto Tallata, il quale era crollato per la piena del fiume [Tanagro]",2,1,1270,1270,12/3/1270,12/3/1270,Inverno,5,40.51565011,15.49985258,Polla/Tallata,Apolla/Tallata,TRUE,NA,NA,2,NA
137,3,"L'atto datato 20 agosto 1269 c'informa che a causa della piena del fiume Biferno, un ponte presso Guardia risulta crollato",2,1,1269,1269,20/08/1269,20/08/1269,Estate,5,41.260000000000005,14.33,Guardia,Guardia,TRUE,NA,NA,2,NA
138,3,"L'atto datato 2 febbraio 1270 c'informa di una casa distrutta nell'acqua del Biferno, probabilmente causata da un'alluvione",2,1,1270,1270,02/02/1270,02/02/1270,Inverno,5,41.930259920000005,14.99322667,Fiume Biferno,NA,TRUE,NA,NA,2,NA
139,3,"L'atto datato 14 gennaio 1271 c'informa, tra i molti fatti, che il Giustiziere di Terra di Bari dovesse far costruire sollecitamente il ponte di Canne, probabilmente crollato a causa della piena del fiume",1,1,1271,1271,14/01/1271,14/01/1271,Inverno,5,41.29038555,16.14929624,Canne,Canne,TRUE,NA,NA,1,NA
150,3,"L'atto datato 3 giugno 1318 c'informa della ricostruzione del casale di S. Maria della Noce, in Molise, distrutto da un'inondazione",2,1,1318,1318,03/06/1318,03/06/1318,Primavera,5,41.84933857,14.41921109,S. Maria della Noce,Sancta Marie de Nuce,TRUE,NA,NA,2,NA
152,8,L'atto datato 26 luglio 1325 indica che da ben tre anni a Bitonto ci fu un eccessivo calore tale da seccare gli olivi fin dalle radici e distruggere il frumento e le piante erbacee,2,1,1322,1325,1322,26/07/1325,Estate,5,41.10998962,16.6910891,Bitonto,Bitontum,TRUE,NA,NA,-2,2
153,9,L'atto datato 26 luglio 1325 indica che da ben tre anni a Bitonto ci fu un eccessivo freddo tale da seccare gli olivi fin dalle radici e distruggere il frumento e le piante erbacee,2,1,1322,1325,1322,26/07/1325,Estate,5,41.10998962,16.6910891,Bitonto,Bitontum,TRUE,NA,NA,2,-2
155,3,"L'atto datato 1° aprile 1291 c'informa di un fiume chiamato Gizzolo (o Gizio) esistente presso Sulmona, il cui corso fu deviato, probabilmente a causa di un'alluvione",1,1,1291,1291,1/4/1291,1/4/1291,Primavera,5,42.05121773,13.92718076,Sulmona,Sulmone,TRUE,Vedi n. 134. Forse il Faraglia sbaglia la datazione dell'anno.,NA,1,NA
156,3,"L'atto datato 1302 indica come re Carlo II ordina la ricostruzione delle strade e vie che da Sulmona andavano fino a Isernia in quanto bloccate da acque pluviali, sassi ecc. probabilmente in seguito a un'alluvione",2,1,1302,1302,NA,NA,NA,3,42.05121773,13.92718076,Sulmona/Isernia,Sulmona/Isernia,TRUE,NA,NA,2,NA
157,3,L'atto datato 3 ottobre 1317 c'informa di un'inondazione del torrente Vella che scorre vicino a Sulmona e al Castello di Pacentro,2,1,1317,1317,3/10/1317,3/10/1317,Autunno,5,42.05122374,13.99304723,Sulmona/Castello di Pacentro,Sulmona/Castrum Pacentri,TRUE,NA,NA,2,NA
166,4,L'annalista registra all'anno 1048 delle grandi nevicate in Italia per cinque anni,1,4,1048,1053,NA,NA,NA,2,NA,NA,Italia,Italia,FALSE,NA,NA,1,-1
168,4,"L'annalista registra all'anno 1063, precisamente il 5 ottobre, una forte grandinata",1,4,1063,1063,5/10/1063,5/10/1063,Autunno,5,NA,NA,Regno,Regnum,FALSE,NA,NA,1,-1
169,5,"L'annalista registra all'anno 1066, precisamente il 3 di febbraio, delle forti precipitazioni",1,4,1066,1066,03/02/1066,03/02/1066,Inverno,5,NA,NA,Regno,Regnum,FALSE,NA,NA,1,NA
172,5,L'annalista registra all'anno 1084 delle forti precipitazioni tanto che ci fu un'abbondanza di vino per sette anni,1,4,1084,1084,NA,NA,NA,3,NA,NA,Regno,Regnum,FALSE,NA,NA,1,NA
174,9,L'annalista registra all'anno 1098 un'estate molto calda tanto che le uve maturarono velocemente,2,4,1098,1098,NA,NA,NA,3,NA,NA,Regno,Regnum,FALSE,NA,NA,2,-2
176,4,L'annalista registra all'anno 1105 delle grandi nevicate,1,4,1105,1105,NA,NA,NA,3,NA,NA,Regno,Regnum,FALSE,NA,NA,1,-1
177,3,L'annalista registra all'anno 1105 delle grandi inondazioni causate dai fiumi,1,4,1105,1105,NA,NA,NA,3,NA,NA,Regno,Regnum,FALSE,NA,NA,1,NA
191,8,L'annalista registra all'anno 1167 un'estate con calore eccessivo tanto da far ammalare e uccidere molti soldati dell'esercito dell'imperatore,2,4,1167,1167,NA,NA,Estate,4,NA,NA,Regno,Regnum,FALSE,NA,NA,-2,2
192,5,L'annalista registra all'anno 1167 delle forti precipitazioni tra l'8 agosto e il 20 novembre,1,4,1167,1167,08/08/1167,20/11/1167,Estate/Autunno,5,NA,NA,Regno,Regnum,FALSE,NA,NA,1,NA
193,1,L'annalista registra all'anno 1167 un periodo di siccità tra il 20 novembre e il 13 febbraio del 1168,2,4,1167,1167,20/11/1167,13/02/1168,Autunno/Inverno,5,NA,NA,Regno,Regnum,FALSE,NA,NA,-2,NA
195,9,"L'annalista registra all'anno 1167 un freddo eccessivo causato dal vento tale da non far crescere i raccolti, da congelare gli stagni e addirittura il lago di Fucino",2,1,1167,1167,NA,NA,NA,3,41.99,13.54,Lago di Fucino,NA,TRUE,NA,NA,2,-2
196,8,L'annalista registra all'anno 1168 un'estate molto calda tanto che non piovve mai,2,4,1168,1168,NA,NA,Estate,4,NA,NA,Regno,Regnum,FALSE,NA,NA,-2,2
197,1,L'annalista registra all'anno 1168 un'estate molto calda tanto che non piovve mai,2,4,1168,1168,NA,NA,Estate,4,NA,NA,Regno,Regnum,FALSE,NA,NA,-2,NA
199,8,L'annalista registra all'anno 1173 un'estate molto calda tanto da seccare tutte le radici,2,4,1173,1173,NA,NA,Estate,4,NA,NA,Regno,Regnum,FALSE,NA,NA,-2,2
207,4,L'annalista registra all'anno 1211 delle grandi nevicate tali che ''ogni uomo vivente diceva di non averne mai vista così tanta neve'',3,4,1211,1211,NA,NA,NA,3,NA,NA,Regno,Regnum,FALSE,NA,NA,3,-3
208,3,L'annalista registra all'anno 1211 delle grandi nevicate che causarono delle alluvioni verso le pianure,2,4,1211,1211,NA,NA,NA,3,NA,NA,Regno,Regnum,FALSE,NA,NA,2,NA
209,9,L'annalista registra all'anno 1211 che per 15 giorni fece così freddo tanto da seccare i fichi dalle radici,2,4,1211,1211,NA,NA,NA,3,NA,NA,Regno,Regnum,FALSE,NA,NA,2,-2
216,1,L'annalista registra all'anno 1091 un periodo di siccità tanto che non piovve fino alla festa di san Nicolò,2,4,1091,1091,NA,08/12/1091,Inverno,5,NA,NA,Regno,Regnum,FALSE,NA,NA,-2,NA
230,5,"L'annalista registra al 14 di marzo 1150 una pioggia torbida, e per la festa di San Giovanni Battista una pioggia di sangue",1,4,1150,1150,14/03/1150,24/06/1150,Inverno/Primavera/Estate,5,NA,NA,Regno,Regnum,FALSE,NA,NA,1,NA
240,8,L'annalista indica all'anno 1190 un'estate particolarmente calda,2,4,1190,1190,NA,NA,Estate,4,NA,NA,Regno,Regnum,FALSE,NA,NA,-2,2
241,5,L'annalista registra all'anno 1191 del maltempo che ebbe modo di causare la morte di molti soldati dell'imperatore,2,4,1191,1191,NA,NA,NA,3,NA,NA,Regno,Regnum,FALSE,NA,NA,2,NA
244,8,"L'annalista indica all'anno 1208, precisamente il 25 agosto, un'estate particolarmente calda a Montecassino",1,4,1208,1208,25/08/1208,25/08/1208,Estate,5,41.491802549999996,13.8137744,Montecassino/Regno,Montecassinum/Regnum,FALSE,NA,NA,-1,1
249,8,L'annalista registra all'anno 1022 una probabile estate particolarmente calda a Troia,1,1,1022,1022,NA,NA,Estate,4,41.36434454,15.31533942,Troia,Troia,TRUE,NA,NA,-1,1
264,3,Il resoconto di spesa datato 31 gennaio 1354 c'informa di un'alluvione tra Salpi e Manfredonia probabilmente causata dalla piena dell'Ofanto o del Cervaro,2,1,1354,1354,31/01/1354,31/01/1354,Inverno,5,41.40028747999999,15.98822823,Salpi/Manfredonia,NA,TRUE,NA,NA,2,NA
269,4,Il cronista indica all'anno 1142 che nell'inverno ci furono molte nevicate e grandinate tali da seccare gli alberi da frutto e uccidere molto bestiame,2,3,1142,1142,NA,NA,Inverno,3,NA,NA,Abruzzo,Aprutium,FALSE,NA,NA,2,-2
280,3,"Il cronista registra all'anno 1202 delle grandi alluvioni che affogarono le semine, probabilmente riferendosi alla Puglia",2,3,1202,1202,NA,NA,NA,3,NA,NA,Puglia,Apulia,FALSE,NA,NA,2,NA
285,4,"Il cronista registra all'anno 1395 delle grandi alluvioni, sicuramente in Puglia",1,3,1395,1395,NA,NA,NA,3,NA,NA,Puglia,Apulia,FALSE,NA,NA,1,-1
291,8,L'atto datato 15 agosto 1278 c'informa che per il troppo caldo gli operai delle mura di 'Mauli' erano costretti a lavorare di notte,1,1,1278,1278,15/08/1278,15/08/1278,Estate,5,NA,NA,NA,Maulum,TRUE,NA,NA,-1,1
292,5,L'annalista indica all'anno 1419 delle pioggie di 'sangue' in tutto il Regno,1,4,1419,1419,NA,NA,NA,3,NA,NA,Regno,Regnum,FALSE,NA,NA,1,NA
294,3,"Il cronista indica all'anno 1430, nel mese di dicembre, l'avvento di un'alluvione in Terra d'Otranto che distrusse molte case e seminati",2,2,1430,1430,1/12/1430,31/12/1430,Autunno/Inverno,5,40.139163720000006,18.47937996,Terra d'Otranto,Terra Hydronti,FALSE,NA,NA,2,NA
295,5,"Il cronista indica all'anno 1430, nel mese di dicembre, forti precipitazioni in Terra d'Otranto che distrussero molte case e seminati",2,2,1430,1430,1/12/1430,31/12/1430,Autunno/Inverno,5,40.139163720000006,18.47937996,Terra d'Otranto,Terra Hydronti,FALSE,NA,NA,2,NA
298,4,"Il cronista indica all'anno 1457, precisamente al 15 gennaio, una grande nevicata in Terra d'Otranto arrivata a circa dodici palmi che uccise molti animali e ebbe modo di seccare molti alberi",2,2,1457,1457,15/01/1457,15/01/1457,Inverno,5,40.139163720000006,18.47937996,Terra d'Otranto,Terra Hydronti,FALSE,NA,NA,2,-2
302,4,Il cronista indica al 3 maggio 1467 delle forti grandinate in Terra d'Otranto,2,2,1467,1467,03/05/1467,03/05/1467,Primavera,5,40.139163720000006,18.47937996,Terra d'Otranto,Terra Hydronti,FALSE,NA,NA,2,-2
303,5,Il cronista indica al 3 maggio 1467 delle forti precipitazioni tanto che si credeva che fosse venuto il giorno del 'Giudizio',2,2,1467,1467,03/05/1467,03/05/1467,Primavera,5,40.139163720000006,18.47937996,Terra d'Otranto,Terra Hydronti,FALSE,NA,NA,2,NA
305,5,Il cronista indica al 5 settembre 1483 delle forti precipitazioni in Terra d'Otranto,2,2,1483,1483,05/09/1483,05/09/1483,Autunno,5,40.139163720000006,18.47937996,Terra d'Otranto,Terra Hydronti,FALSE,NA,NA,2,NA
306,4,Il cronista indica al 5 settembre 1483 una forte grandinata in Terra d'Otranto,2,2,1483,1483,05/09/1483,05/09/1483,Autunno,5,40.139163720000006,18.47937996,Terra d'Otranto,Terra Hydronti,FALSE,NA,NA,2,-2
323,3,"Il cronista c'informa che nel 1105 ci fu un grande straripamento dei fiumi e la caduta di moltissima neve, tuttavia non indica nessuna localizzazione",1,4,1105,1105,NA,NA,NA,3,NA,NA,Regno,Regnum,FALSE,NA,NA,1,NA
324,4,"Il cronista c'informa che nel 1105 ci fu un grande straripamento dei fiumi e la caduta di moltissima neve, tuttavia non indica nessuna localizzazione",1,4,1105,1105,NA,NA,NA,3,NA,NA,Regno,Regnum,FALSE,NA,NA,1,-1
335,3,Il cronista indica tra il gennaio e il febbraio del 1105 lo straripamento dei corsi d'acqua,1,4,1105,1105,01/01/1105,28/02/1105,Inverno,5,NA,NA,Regno,Regnum,FALSE,NA,NA,1,NA
336,4,Il cronista registra tra il gennaio e il febbraio del 1105 una grande nevicata,1,4,1105,1105,01/01/1105,28/02/1105,Inverno,5,NA,NA,Regno,Regnum,FALSE,NA,NA,1,-1
345,3,Una petizione del 1372 del sindaco dell'Università di Trani indirizzata alla regina Giovanna menziona dei forti venti e un alluvione che arrecarono danni al porto e alle mura della città,2,1,1372,1372,NA,12/04/1372,Primavera,5,41.2764668,16.41386453,Trani,Tranum,TRUE,NA,NA,2,NA
347,3,Alluvione a Bari il 2 ottobre 1557,NA,1,1557,1557,2/10/1557,2/10/1557,Autunno,5,41.11970826,16.86057493,Bari,Barum,TRUE,NA,NA,NA,NA
348,3,Alluvione in Terra di Bari nel febbraio 1683,NA,1,1683,1683,NA,NA,NA,5,41.11970826,16.86057493,Bari,Barum,TRUE,NA,NA,NA,NA
349,3,Alluvione a Bari il 27 settembre del 1827,2,1,1827,1827,27/09/1827,27/09/1827,Autunno,5,41.11970826,16.86057493,Bari,Barum,TRUE,NA,NA,2,NA
350,3,Alluvione in Terra di Bari nell'agosto del 1883,NA,1,1883,1883,NA,NA,NA,5,41.11970826,16.86057493,Bari,Barum,TRUE,NA,NA,NA,NA
351,3,Alluvione a Monopoli nel 1896,2,1,1896,1896,NA,NA,NA,3,40.949999999999996,17.29,Monopoli,NA,TRUE,NA,NA,2,NA
352,3,Alluvione a Bari nel 1810,NA,1,1810,1810,NA,NA,NA,5,41.11970826,16.86057493,Bari,Barum,TRUE,NA,NA,NA,NA
353,3,Alluvione a Castellana-Grotte del 28 agosto 1741 dove il livello massimo delle acque ebbe modo di salire a 6 metri,NA,1,1741,1741,28/08/1741,28/08/1741,Estate,5,40.8835651,17.16729319,Castellana-Grotte,NA,TRUE,NA,NA,NA,NA
354,3,Si indica un'alluvione a Castellana-Grotte del 1° novembre 1784 dove il livello massimo delle acque ebbe modo di salire a 5 metri facendo 9 morti,2,1,1784,1784,01/11/1784,01/11/1784,Autunno,5,40.8835651,17.16729319,Castellana-Grotte,NA,TRUE,NA,NA,2,NA
355,3,Alluvione a Castellana-Grotte del 19 settembre 1853,2,1,1853,1853,19/09/1853,19/09/1853,Estate,5,40.8835651,17.16729319,Castellana-Grotte,NA,TRUE,NA,NA,2,NA
356,3,Alluvione a Castellana-Grotte del 12 ottobre 1855,2,1,1855,1855,12/10/1855,12/10/1855,Autunno,5,40.8835651,17.16729319,Castellana-Grotte,NA,TRUE,NA,NA,2,NA
357,3,Alluvione a Castellana-Grotte del 22 giugno 1874,2,1,1874,1874,22/06/1874,22/06/1874,Estate,5,40.8835651,17.16729319,Castellana-Grotte,NA,TRUE,NA,NA,2,NA
358,3,Alluvione a Castellana-Grotte del 24 settembre 1888,2,1,1888,1888,24/09/1888,24/09/1888,Autunno,5,40.8835651,17.16729319,Castellana-Grotte,NA,TRUE,NA,NA,2,NA
359,3,Alluvione a Castellana-Grotte del 25 novembre 1894,2,1,1894,1894,25/11/1894,25/11/1894,Autunno,5,40.8835651,17.16729319,Castellana-Grotte,NA,TRUE,NA,NA,2,NA
360,3,"Alluvione a Castellana-Grotte del 9 novembre 1896 che fece 4 morti e rese inabitabile circa seicento case; livello delle acque raggiunse i 5,40 metri",2,1,1896,1896,09/11/1896,09/11/1896,Autunno,5,40.8835651,17.16729319,Castellana-Grotte,NA,TRUE,NA,NA,2,NA
373,5,Si indica delle precipitazioni importanti nel distretto di Barletta nel maggio del 1762 tali da rovinare il seminato,2,1,1762,1762,01/05/1762,31/05/1762,Primavera,5,41.309999999999995,16.28,Barletta,NA,TRUE,NA,NA,2,NA
374,5,Si indica delle precipitazioni importanti nella zona di Poggiardo nell'estate del 1762 tali da far cadere i fiori dagli ulivi rovinando il raccolto,2,1,1762,1762,NA,NA,Estate,4,40.03,18.23,Poggiardo,NA,TRUE,NA,NA,2,NA
375,1,Si indica una siccità persistente nella zona di Poggiardo dal settembre del 1762 fino a tutto ottobre che ebbe modo di causare una deludente vedemmia e la caduta di poche olive,2,1,1762,1762,01/09/1762,31/10/1762,Estate/Autunno,5,40.03,18.23,Poggiardo,NA,TRUE,NA,NA,-2,NA
376,9,Giacinto Cocola riferisce in una lettera del 30 aprile 1764 della presenza di tempi molto freddi e gelate a Bisceglie,2,1,1764,1764,30/04/1764,30/04/1764,Primavera,5,41.24,16.5,Bisceglie,NA,TRUE,NA,NA,2,-2
377,9,Frate Domenico Caravaglio riferisce al Duca di Poggiardo che a Cerignola vi furono delle gelate tali da rovinare il raccolto del 1764,2,1,1764,1764,NA,NA,NA,3,41.260000000000005,15.89,Cerignola,NA,TRUE,NA,NA,2,-2
388,1,Si indica una siccità nella primavera del 1724 ad Acquaviva delle Fonti che compromise il raccolto,2,1,1724,1724,NA,NA,Primavera,4,40.89674921,16.84723617,Acquaviva delle Fonti,NA,TRUE,NA,NA,-2,NA
390,1,Si indica una siccità nella primavera del 1716 ad Acquaviva delle Fonti,2,1,1716,1716,NA,NA,Primavera,4,40.89674921,16.84723617,Acquaviva delle Fonti,NA,TRUE,NA,NA,-2,NA
391,1,Si indica una siccità nel 1706 ad Acquaviva delle Fonti,2,1,1706,1706,NA,NA,NA,3,40.89674921,16.84723617,Acquaviva delle Fonti,NA,TRUE,NA,NA,-2,NA
392,1,Si indica una siccità nell'aprile del 1727 ad Acquaviva delle Fonti,2,1,1727,1727,01/04/1727,30/04/1727,Primavera,5,40.89674921,16.84723617,Acquaviva delle Fonti,NA,TRUE,NA,NA,-2,NA
393,1,Si indica una siccità tra il 1738 e il 1739 ad Acquaviva delle Fonti,2,1,1738,1739,NA,NA,NA,3,40.89674921,16.84723617,Acquaviva delle Fonti,NA,TRUE,NA,NA,-2,NA
394,1,Si indica una siccità tra il 1736 e il 1739 a Molfetta,2,1,1736,1739,NA,NA,NA,3,41.2,16.59,Molfetta,NA,TRUE,NA,NA,-2,NA
395,1,Si indica una siccità nell'aprile del 1754 ad Acquaviva delle Fonti,2,1,1754,1754,NA,NA,NA,3,40.89674921,16.84723617,Acquaviva delle Fonti,NA,TRUE,NA,NA,-2,NA
396,1,Si indica una siccità tra l'aprile del 1755 e il 10 maggio ad Acquaviva delle Fonti,2,1,1755,1755,01/04/1755,10/05/1755,Primavera,5,40.89674921,16.84723617,Acquaviva delle Fonti,NA,TRUE,NA,NA,-2,NA
397,1,Si indica una siccità tra il marzo e il maggio del 1756 ad Acquaviva delle Fonti,2,1,1756,1756,01/03/1756,31/05/1756,Inverno/Primavera,5,40.89674921,16.84723617,Acquaviva delle Fonti,NA,TRUE,NA,NA,-2,NA
398,8,Si indica un calore eccessivo tra il 1758 e il 1760 ad Acquaviva delle Fonti,2,1,1758,1760,NA,NA,NA,3,40.89674921,16.84723617,Acquaviva delle Fonti,NA,TRUE,NA,NA,-2,2
399,1,Si indica una siccità nel febbraio 1761 ad Acquaviva delle Fonti,2,1,1761,1761,01/02/1761,28/02/1761,Inverno,5,40.89674921,16.84723617,Acquaviva delle Fonti,NA,TRUE,NA,NA,-2,NA
400,1,Si indica una siccità nella primavera e nell'estate del 1762 ad Acquaviva delle Fonti,2,1,1762,1762,NA,NA,Primavera/Estate,4,40.89674921,16.84723617,Acquaviva delle Fonti,NA,TRUE,NA,NA,-2,NA
401,1,Si indica una siccità nell'autunno del 1763 ad Acquaviva delle Fonti,2,1,1763,1763,NA,NA,Autunno,4,40.89674921,16.84723617,Acquaviva delle Fonti,NA,TRUE,NA,NA,-2,NA
402,1,Si indica una siccità nell'aprile del 1765 ad Acquaviva delle Fonti,2,1,1765,1765,01/04/1765,30/04/1765,Primavera,5,40.89674921,16.84723617,Acquaviva delle Fonti,NA,TRUE,NA,NA,-2,NA
403,1,Si indica una siccità nell'estate del 1767 ad Acquaviva delle Fonti,2,1,1767,1767,NA,NA,Estate,4,40.89674921,16.84723617,Acquaviva delle Fonti,NA,TRUE,NA,NA,-2,NA
404,1,Si indica una siccità nella primavera e nell'estate del 1768 ad Acquaviva delle Fonti,2,1,1768,1768,NA,NA,Primavera/Estate,4,40.89674921,16.84723617,Acquaviva delle Fonti,NA,TRUE,NA,NA,-2,NA
405,5,Si indica un'abbondante pioggia il 10 maggio 1755 ad Acquaviva delle Fonti dopo un periodo di siccità,1,1,1755,1755,10/05/1755,10/05/1755,Primavera,5,40.89674921,16.84723617,Acquaviva delle Fonti,NA,TRUE,NA,NA,1,NA
406,1,Si indica una siccità nella primavera del 1777 ad Acquaviva delle Fonti,2,1,1777,1777,NA,NA,Primavera,4,40.89674921,16.84723617,Acquaviva delle Fonti,NA,TRUE,NA,NA,-2,NA
407,1,Si indica una siccità nella primavera del 1778 ad Acquaviva delle Fonti,2,1,1778,1778,NA,NA,Primavera,4,40.89674921,16.84723617,Acquaviva delle Fonti,NA,TRUE,NA,NA,-2,NA
408,1,Si indica una siccità nell'estate del 1788 ad Acquaviva delle Fonti,2,1,1788,1788,NA,NA,Estate,4,40.89674921,16.84723617,Acquaviva delle Fonti,NA,TRUE,NA,NA,-2,NA
409,1,Si indica una siccità tra il novembre e il dicembre del 1809 ad Acquaviva delle Fonti,2,1,1809,1809,1/11/1809,31/12/1809,Autunno/Inverno,5,40.89674921,16.84723617,Acquaviva delle Fonti,NA,TRUE,NA,NA,-2,NA
410,1,Siccità tra il gennaio e il marzo del 1817 ad Acquaviva delle Fonti,2,1,1817,1817,01/01/1817,31/03/1817,Inverno/Primavera,5,40.89674921,16.84723617,Acquaviva delle Fonti,NA,TRUE,NA,NA,-2,NA
411,9,Si indica un freddo eccessivo tra il gennaio e il marzo del 1808 ad Acquaviva delle Fonti,2,1,1808,1808,01/01/1808,31/03/1808,Inverno/Primavera,5,40.89674921,16.84723617,Acquaviva delle Fonti,NA,TRUE,NA,NA,2,-2
412,5,Si indicano precipitazioni importanti nel mese di agosto del 1808 ad Acquaviva delle Fonti tali da rovinare la vendemmia di settembre e da arrecare danni alle colture arboree in novembre,2,1,1808,1808,01/08/1808,30/08/1808,Estate,5,40.89674921,16.84723617,Acquaviva delle Fonti,NA,TRUE,NA,NA,2,NA
413,4,Si indicano grandinate nel mese di agosto del 1808 ad acquaviva delle Fonti tali da rovinare la vendemmia di settembre e da arrecare danni alle colture arboree in novembre,2,1,1808,1808,01/08/1808,30/08/1808,Estate,5,40.89674921,16.84723617,Acquaviva delle Fonti,NA,TRUE,NA,NA,2,-2
414,8,Si indica un calore eccessivo nell'estate del 1809 ad Acquaviva delle Fonti tale da causare incendi per autocombustione nei parchi e nelle macchie,2,1,1809,1809,NA,NA,Estate,4,40.89674921,16.84723617,Acquaviva delle Fonti,NA,TRUE,NA,NA,-2,2
415,9,Inverno rigido nel 1810 ad Acquaviva delle Fonti,2,1,1810,1810,NA,NA,Inverno,4,40.89674921,16.84723617,Acquaviva delle Fonti,NA,TRUE,NA,NA,2,-2
419,9,Freddo eccessivo durante l'estate del 1816 ad Acquaviva delle Fonti,2,1,1816,1816,NA,NA,Estate,4,40.89674921,16.84723617,Acquaviva delle Fonti,NA,TRUE,NA,NA,2,-2
420,9,Freddo eccessivo tra il gennaio e il marzo del 1817 ad Acquaviva delle Fonti,2,1,1817,1817,01/01/1817,31/03/1817,Inverno/Primavera,5,40.89674921,16.84723617,Acquaviva delle Fonti,NA,TRUE,NA,NA,2,-2
423,5,Lo studioso Giovene indica delle forti precipitazioni in Puglia nel novembre del 1787 tali da arrivare a 6 pollici e 4/12 di linea,2,4,1787,1787,01/11/1787,30/11/1787,Autunno,5,NA,NA,Puglia,Apulia,FALSE,NA,NA,2,NA
424,9,Lo studioso Giovene indica una gelata nel 1748 in Puglia,2,3,1748,1748,NA,NA,NA,3,NA,NA,Puglia,Apulia,FALSE,NA,NA,2,-2
425,9,Lo studioso Giovene indica una gelata nel 1755 in Puglia,2,3,1755,1755,NA,NA,NA,3,NA,NA,Puglia,Apulia,FALSE,NA,NA,2,-2
426,9,Lo studioso Giovene indica una gelata nel 1769 in Puglia,2,3,1769,1769,NA,NA,NA,3,NA,NA,Puglia,Apulia,FALSE,NA,NA,2,-2
427,9,Lo studioso Giovene indica una gelata nel 1770 in Puglia,2,3,1770,1770,NA,NA,NA,3,NA,NA,Puglia,Apulia,FALSE,NA,NA,2,-2
428,9,Lo studioso Giovene indica una gelata nel febbraio del 1782 in Puglia,2,3,1782,1782,01/02/1782,28/02/1782,Inverno,5,NA,NA,Puglia,Apulia,FALSE,NA,NA,2,-2
429,9,Lo studioso Giovene indica nel gennaio del 1789 degli straodinari geli e freddi in Puglia,2,3,1789,1789,01/01/1789,NA,Inverno,5,NA,NA,Puglia,Apulia,FALSE,NA,NA,2,-2
430,9,Lo studioso Giovene rileva all'8 febbraio 1789 un forte gelo in Puglia,2,3,1789,1789,08/02/1789,08/02/1789,Inverno,5,NA,NA,Puglia,Apulia,FALSE,NA,NA,2,-2
431,5,Lo studioso Giovene indica al 12 di febbraio delle abbondantissime piogge,2,3,1789,1789,12/02/1789,12/02/1789,Inverno,5,NA,NA,Puglia,Apulia,FALSE,NA,NA,2,NA
435,5,Lo studioso Giovene indica che l'ottobre e il novembre del 1789 in Puglia furono mesi molto piovosi,2,3,1789,1789,01/10/1789,30/11/1789,Autunno,5,NA,NA,Puglia,Apulia,FALSE,NA,NA,2,NA
436,9,"Lo studioso Giovene indica che alla fine di novembre del 1789 vi fu un freddo eccessivo in Puglia con nevicate, in particolare presso San Severo, tale da seccare gli ulivi",2,1,1789,1789,26/11/1789,28/11/1789,Autunno,5,41.68,15.37,San Severo,NA,TRUE,NA,NA,2,-2
437,5,Lo studioso Giovene rileva abbondanti precipitazioni a Molfetta nella primavera del 1790,2,1,1790,1790,NA,NA,Primavera,4,41.2,16.59,Molfetta,NA,TRUE,NA,NA,2,NA
438,5,Lo studioso Giovene rileva abbondanti precipitazioni ad Altamura nella primavera del 1790,2,1,1790,1790,NA,NA,Primavera,4,40.82,16.55,Altamura,NA,TRUE,NA,NA,2,NA
440,9,"Lo studioso Giovene indica al 7 aprile del 1790 un freddo eccessivo in Puglia tale da danneggiare i primi fiori delle fave, i frutti dei mandorli  e in anche luoghi anche le piante frumentacee",2,3,1790,1790,7/4/1790,7/4/1790,Primavera,5,NA,NA,Puglia,Apulia,FALSE,NA,NA,2,-2
442,5,Lo studioso Giovene rileva tra il maggio e il giugno del 1790 delle forti precipitazioni in Puglia che portarono devastazione in molti luoghi della Puglia,2,3,1790,1790,01/05/1790,30/06/1790,Primavera/Estate,5,NA,NA,Puglia,Apulia,FALSE,NA,NA,2,NA
443,4,Lo studioso Giovene rileva tra il maggio e il giugno del 1790 delle forti grandinate in Puglia che portarono devastazione in molti luoghi della Puglia,2,3,1790,1790,01/05/1790,30/06/1790,Primavera/Estate,5,NA,NA,Puglia,Apulia,FALSE,NA,NA,2,-2
444,5,"Lo studioso Giovene rileva forti precipitazione al 23 di settembre del 1790 a Taranto tale da danneggiare case, le piante di cotone e le vigne",2,1,1790,1790,23/09/1790,23/09/1790,Autunno,5,40.46,17.26,Taranto,NA,TRUE,NA,NA,2,NA
453,5,"Lo studioso Giovene rileva come tra il 2 luglio e l'agosto del 1791 vi furono forti precipitazioni con tuoni, lampi e fulmini e anche grandine a Molfetta",1,1,1791,1791,02/07/1791,31/08/1791,Estate,5,41.2,16.59,Molfetta,NA,TRUE,NA,NA,1,NA
454,4,"Lo studioso Giovene rileva come tra il 2 luglio e l'agosto del 1791 vi furono forti precipitazioni con tuoni, lampi e fulmini e anche grandine a Molfetta",1,1,1791,1791,02/07/1791,31/08/1791,Estate,5,41.2,16.59,Molfetta,NA,TRUE,NA,NA,1,-1
455,4,Lo studioso Giovene indica come al 14 luglio 1791 vi fu una grossa grandinata a Trani,2,1,1791,1791,14/07/1791,14/07/1791,Estate,5,41.27,16.41,Trani,NA,TRUE,NA,NA,2,-2
456,5,Lo studioso Giovene rileva delle forti precipitazioni a Taranto al 15 di luglio 1791,2,1,1791,1791,15/07/1791,15/07/1791,Estate,5,40.46,17.26,Taranto,NA,TRUE,NA,NA,2,NA
457,5,Lo studioso Giovene rileva delle forti precipitazioni ad Altamura al 15 di luglio 1791,2,1,1791,1791,15/07/1791,15/07/1791,Estate,5,40.82,16.55,Altamura,NA,TRUE,NA,NA,2,NA
458,4,Lo studioso Giovene indica una forte grandinata a Molfetta tra il 17 e il 18 luglio del 1791,2,1,1791,1791,17/07/1791,18/07/1791,Estate,5,41.2,16.59,Molfetta,NA,TRUE,NA,NA,2,-2
459,1,Lo studioso Giovene rileva una siccità tra il settembre e l'ottobre del 1791 nella Puglia Daunia (Capitanata ecc.),2,3,1791,1791,01/09/1791,31/10/1791,Estate/Autunno,5,NA,NA,Capitanata ecc.,NA,FALSE,NA,NA,-2,NA
460,5,Lo studioso Giovene indica delle fonti precipitazioni a Molfetta nell'estate del 1791,2,3,1791,1791,NA,NA,Estate,4,41.2,16.59,Molfetta,NA,TRUE,NA,NA,2,NA
462,5,Lo studioso Giovene rileva ai giorni 15 e 16 ottobre 1791 delle forti precipitazioni a Molfetta,2,1,1791,1791,15/10/1791,16/10/1791,Autunno,5,41.2,16.59,Molfetta,NA,TRUE,NA,NA,2,NA
464,5,Lo studioso Giovene rileva delle forte precipitazioni al 9 di gennaio 1792 a Molfetta,2,1,1792,1792,09/01/1792,09/01/1792,Inverno,5,41.2,16.59,Molfetta,NA,TRUE,NA,NA,2,NA
466,1,Lo studioso Giovene rileva un periodo di siccità nel mese di febbraio del 1792 a Molfetta,2,1,1792,1792,01/02/1792,28/02/1792,Inverno,5,41.2,16.59,Molfetta,NA,TRUE,NA,NA,-2,NA
468,8,Lo studioso Giovene rileva un calore eccessivo a Molfetta che si fece sentire in particolare tra il 20 e il 21 febbraio 1792 a Molfetta,2,1,1792,1792,20/02/1792,21/02/1792,Inverno,5,41.2,16.59,Molfetta,NA,TRUE,NA,NA,-2,2
469,1,Lo studioso Giovene rileva un periodo di siccità tra l'aprile e il maggio del 1792 a Molfetta,2,1,1792,1792,01/04/1792,31/05/1792,Primavera,5,41.2,16.59,Molfetta,NA,TRUE,NA,NA,-2,NA
471,5,Lo studioso Giovene rileva delle forti precipitazioni al 29 di giugno 1792 a Molfetta,2,1,1792,1792,29/06/1792,29/06/1792,Estate,5,41.2,16.59,Molfetta,NA,TRUE,NA,NA,2,NA
473,1,Lo studioso Giovene indica una siccità nella primavera del 1792 in molte zone della Puglia,2,3,1792,1792,NA,NA,Primavera,4,NA,NA,Puglia,Apulia,FALSE,NA,NA,-2,NA
474,8,Lo studioso Giovene rileva un calore eccessivo nel giugno del 1792 a Molfetta,2,1,1792,1792,01/06/1792,30/06/1792,Primavera/Estate,5,41.2,16.59,Molfetta,NA,TRUE,NA,NA,-2,2
475,5,"Lo studioso Giovene rileva delle forti precipitazioni nell'agosto del 1792, in particolare nella zona del Gargano",2,2,1792,1792,01/08/1792,30/08/1792,Estate,5,41.73594458,15.76803966,Gargano,NA,FALSE,NA,NA,2,NA
480,5,"Lo studioso Giovene rileva delle abbondanti precpitazioni nel marzo del 1793, nella provincia di Bari e soprattutto nella Iapigia, dove arrecarono danno ai campi di frumento",2,2,1793,1793,01/03/1793,31/03/1793,Inverno/Primavera,5,41.11526614,16.88358331,Terra di Bari/Iapigia,NA,FALSE,NA,NA,2,NA
481,9,Lo studioso Giovene rileva come il freddo eccessivo nell'aprile del 1793 ebbe modo di arrecare danno ai campi di grano della Puglia Daunia,2,2,1793,1793,01/04/1793,30/04/1793,Primavera,5,NA,NA,Capitanata ecc.,NA,FALSE,NA,NA,2,-2
483,4,Lo studioso Giovene indica una grande nevicata tra il 1° e il 2 giugno 1793 a Molfetta,2,1,1793,1793,01/06/1793,02/06/1793,Primavera,5,41.2,16.59,Molfetta,NA,TRUE,NA,NA,2,-2
484,5,Lo studioso Giovene indica delle forti precipitazioni tra il 27 e il 30 settembre 1793 nella Iapigia,2,2,1793,1793,27/09/1793,30/09/1793,Autunno,5,41.115266142203104,16.88358331,Iapigia,NA,FALSE,NA,NA,2,NA
486,4,Lo studioso Giovene indica delle grandinate tra il 27 e il 30 settembre 1793 nella Iapigia,2,2,1793,1793,27/09/1793,30/09/1793,Autunno,5,41.11526614,16.88358331,Iapigia,NA,FALSE,NA,NA,2,-2
487,5,Lo studioso Giovene rileva un forte temporale al 4 di novembre del 1793 a Molfetta,2,1,1793,1793,04/11/1793,04/11/1793,Autunno,5,41.2,16.59,Molfetta,NA,TRUE,NA,NA,2,NA
489,9,Lo studioso Giovene rileva un grande freddo al 4 di novembre del 1793 a Molfetta,2,1,1793,1793,04/11/1793,04/11/1793,Autunno,5,41.2,16.59,Molfetta,NA,TRUE,NA,NA,2,-2
491,1,Lo studioso Giovene indica al marzo del 1794 una siccità a Molfetta,1,1,1794,1794,01/03/1794,31/03/1794,Inverno/Primavera,5,41.2,16.59,Molfetta,NA,TRUE,NA,NA,-1,NA
492,5,Lo studioso Giovene rileva dei forti temporali avvenuti nel 1794 tali che a Celenza i fulmini colpirono circa otto persone,2,1,1794,1794,NA,NA,NA,3,41.56048603,14.9819335,Celenza,NA,TRUE,NA,NA,2,NA
493,4,Lo studioso Giovene rileva delle forti grandinate nel 1794 in Puglia,2,3,1794,1794,NA,NA,NA,3,NA,NA,Puglia,Apulia,FALSE,NA,NA,2,-2
494,5,Lo studioso Giovene rileva delle forti precipitazioni al 12 giugno 1794 in tutto il Regno,2,4,1794,1794,12/06/1794,12/06/1794,Primavera,5,NA,NA,Regno,Regnum,FALSE,NA,NA,2,NA
495,8,"Lo studioso Giovene indica un caldo eccessivo in Puglia, in particolare a Taranto, nella primavera del 1794",2,1,1794,1794,NA,NA,Primavera,5,40.46,17.26,Taranto,NA,TRUE,NA,NA,-2,2
496,1,Lo studioso Giovene rileva una siccità tra il marzo e l'aprile del 1794 a Molfetta e nelle province limitrofe,2,1,1794,1794,01/03/1794,30/04/1794,Inverno/Primavera,5,41.2,16.59,Molfetta,NA,TRUE,NA,NA,-2,NA
498,8,Lo studioso Giovene rileva un caldo eccessivo al 14 di febbraio 1795 a Molfetta,2,1,1795,1795,14/02/1795,14/02/1795,Inverno,5,41.2,16.59,Molfetta,NA,TRUE,NA,NA,-2,2
500,9,Lo studioso Giovene indica un freddo eccessivo tra il 13 e il 14 maggio del 1795 a Molfetta,2,1,1795,1795,13/05/1795,14/05/1795,Primavera,5,41.2,16.59,Molfetta,NA,TRUE,NA,NA,2,-2
501,1,Lo studioso Giovene rileva un periodo di siccità durata tutta l'estate del 1795 a Molfetta,2,1,1795,1795,NA,NA,Estate,4,41.2,16.59,Molfetta,NA,TRUE,NA,NA,-2,NA
503,1,Lo studioso Giovene indica una siccità tra il maggio e il luglio del 1796 in Puglia,2,3,1796,1796,01/05/1796,31/07/1796,Primavera/Estate,5,NA,NA,Puglia,Apulia,FALSE,NA,NA,-2,NA
504,4,Lo studioso Giovene indica una gran pioggia con fulmini al 1° ottobre 1796 a Molfetta,1,1,1796,1796,1/10/1796,1/10/1796,Autunno,5,41.2,16.59,Molfetta,NA,TRUE,NA,NA,1,-1
505,5,Lo studioso Giovene indica una forte grandinata al 1° ottobre 1796 a Molfetta,1,1,1796,1796,1/10/1796,1/10/1796,Autunno,5,41.2,16.59,Molfetta,NA,TRUE,NA,NA,1,NA
507,5,Lo studioso Giovene indica delle forti precipitazioni tra la notte del 20 e il 23 ottobre 1796 a Molfetta,2,1,1796,1796,20/10/1796,23/10/1796,Autunno,5,41.2,16.59,Molfetta,NA,TRUE,NA,NA,2,NA
508,5,"Lo studioso Giovene indica al 7 novembre 1796 delle forti precipitazioni a Molfetta, Ariano e in generale in Puglia",2,1,1796,1796,7/11/1796,7/11/1796,Autunno,5,41.2,16.59,Molfetta,NA,TRUE,NA,NA,2,NA
510,9,Lo studioso Giovene rileva un freddo eccessivo nel dicembre del 1796 a Molfetta e Ariano,2,1,1796,1796,01/12/1796,31/12/1796,Autunno/Inverno,5,41.2,16.59,Molfetta,NA,TRUE,NA,NA,2,-2
511,4,Lo studioso Giovene indica delle forti nevicate nel dicembre del 1796 a Molfetta e Ariano,2,1,1796,1796,01/12/1796,31/12/1796,Autunno/Inverno,5,41.2,16.59,Molfetta,NA,TRUE,NA,NA,2,-2
512,5,Lo studioso Giovene rileva delle forti precipitazioni nel marzo del 1797 in Puglia,2,3,1797,1797,01/03/1797,31/03/1797,Inverno/Primavera,5,NA,NA,Puglia,Apulia,FALSE,NA,NA,2,NA
531,5,Si indicano delle forti precipitazioni nel marzo e nel giugno del 1763 ad Acquaviva delle Fonti tali da compromettere completamente il raccolto,2,1,1763,1763,01/03/1763,30/06/1763,Inverno/Primavera/Estate,5,40.896846419999996,16.84607886,Acquaviva delle Fonti,NA,TRUE,NA,NA,2,NA
539,1,Il vescovo Carlo Loffredi in una sua relazione del 1677 indica un periodo di siccità a Molfetta,2,1,1677,1677,NA,NA,NA,3,41.2,16.59,Molfetta,NA,TRUE,NA,NA,-2,NA
540,1,Il vescovo Giovanni degli Effetti in una sua relazione del 1707 indica un periodo di siccità a Molfetta,2,1,1707,1707,NA,NA,NA,3,41.2,16.59,Molfetta,NA,TRUE,NA,NA,-2,NA
541,9,Si indica una gelata tra il dicembre del 1708 e il gennaio del 1709 a Molfetta,2,1,1708,1709,01/12/1708,31/01/1709,Inverno,5,41.2,16.59,Molfetta,NA,TRUE,NA,NA,2,-2
542,9,"Si indica una gelata nel 1606 in Terra di Bari, in particolare a Grumo, Palo, Terlizzi, Bitonto, Binetto e Toritto",2,2,1606,1606,NA,NA,NA,3,NA,NA,Terra di Bari,NA,FALSE,NA,NA,2,-2
543,9,"Si indica una gelata nel 1610 in Terra di Bari, in particolare a Grumo, Palo, Terlizzi, Bitonto, Binetto e Toritto",2,2,1610,1610,NA,NA,NA,3,NA,NA,Terra di Bari,NA,FALSE,NA,NA,2,-2
544,9,Si indica una gelata nel 1675 a Molfetta,2,1,1675,1675,NA,NA,NA,3,41.2,16.59,Molfetta,NA,TRUE,NA,NA,2,-2
545,9,Si indica un freddo eccessivo nel 1742 in Capitanata,2,2,1742,1742,NA,NA,NA,3,NA,NA,Capitanata,NA,FALSE,NA,NA,2,-2
546,9,Si indica un freddo eccessivo nel 1745 in Capitanata,2,2,1745,1745,NA,NA,NA,3,NA,NA,Capitanata,NA,FALSE,NA,NA,2,-2
547,9,Si indica un freddo eccessivo nel 1748 in Capitanata,2,2,1748,1748,NA,NA,NA,3,NA,NA,Capitanata,NA,FALSE,NA,NA,2,-2
548,9,Si indica una gelata nel 1747 ad Acquaviva delle Fonti,2,1,1747,1747,NA,NA,NA,3,40.896846419999996,16.84607886,Acquaviva delle Fonti,NA,TRUE,NA,NA,2,-2
549,9,Si indica una gelata nel 1747 a Bisceglie,2,1,1747,1747,NA,NA,NA,3,41.24,16.5,Bisceglie,NA,TRUE,NA,NA,2,-2
550,9,Si indica una gelata nel 1747 a Molfetta,2,1,1747,1747,NA,NA,NA,3,41.2,16.59,Molfetta,NA,TRUE,NA,NA,2,-2
551,9,Si indica un inverno molto rigido nel 1740 ad Acquaviva delle Fonti,2,1,1740,1740,NA,NA,Inverno,4,40.896846419999996,16.84607886,Acquaviva delle Fonti,NA,TRUE,NA,NA,2,-2
552,9,Si indica un inverno molto rigido nel 1743 ad Acquaviva delle Fonti,2,1,1743,1743,NA,NA,Inverno,4,40.896846419999996,16.84607886,Acquaviva delle Fonti,NA,TRUE,NA,NA,2,-2
553,8,Si indica un caldo eccessivo nell'estate del 1753 ad Acquaviva delle Fonti tale che ebbe modo di causare degli incendi per autocombustione nei parchi e nelle macchie,2,1,1753,1753,NA,NA,Estate,4,40.896846419999996,16.84607886,Acquaviva delle Fonti,NA,TRUE,NA,NA,-2,2
554,8,Si indica un caldo eccessivo nell'autunno del 1758 ad Acquaviva delle Fonti a causa dell'aridità dei pascoli,2,1,1758,1758,NA,NA,Autunno,4,40.896846419999996,16.84607886,Acquaviva delle Fonti,NA,TRUE,NA,NA,-2,2
555,8,Si indica un caldo eccessivo nell'autunno del 1759 ad Acquaviva delle Fonti a causa dell'aridità dei pascoli,2,1,1759,1759,NA,NA,Autunno,4,40.896846419999996,16.84607886,Acquaviva delle Fonti,NA,TRUE,NA,NA,-2,2
556,5,Si indica delle piogge torrenziali nel settembre del 1683 ad Acquaviva delle Fonti,2,1,1683,1683,01/09/1683,30/09/1683,Estate/Autunno,5,40.896846419999996,16.84607886,Acquaviva delle Fonti,NA,TRUE,NA,NA,2,NA
557,5,Si indica delle piogge torrenziali nel febbraio del 1684 ad Acquaviva delle Fonti,2,1,1684,1684,01/02/1684,28/02/1684,Inverno,5,40.896846419999996,16.84607886,Acquaviva delle Fonti,NA,TRUE,NA,NA,2,NA
559,9,Si indica un inverno molto rigido con neve in febbraio 1717 ad Acquaviva delle Fonti,2,1,1717,1717,NA,NA,Inverno,4,40.896846419999996,16.84607886,Acquaviva delle Fonti,NA,TRUE,NA,NA,2,-2
560,5,Si indicano delle forti precipitazioni nel giugno del 1719 ad Acquaviva delle Fonti,2,1,1719,1719,01/06/1719,30/06/1719,Primavera/Estate,5,40.896846419999996,16.84607886,Acquaviva delle Fonti,NA,TRUE,NA,NA,2,NA
561,9,Si indica un inverno molto rigido nel 1720 con neve in gennaio ad Acquaviva delle Fonti,2,1,1720,1720,NA,NA,Inverno,4,40.896846419999996,16.84607886,Acquaviva delle Fonti,NA,TRUE,NA,NA,2,-2
563,9,Si indica un inverno molto rigido nel 1729 con neve in gennaio e febbraio ad Acquaviva delle Fonti,2,1,1729,1729,NA,NA,Inverno,4,40.896846419999996,16.84607886,Acquaviva delle Fonti,NA,TRUE,NA,NA,2,-2
564,4,Si indica grandinate nel settembre del 1729 ad Acquaviva delle Fonti,2,1,1729,1729,01/09/1729,30/09/1729,Estate/Autunno,5,40.896846419999996,16.84607886,Acquaviva delle Fonti,NA,TRUE,NA,NA,2,-2
565,9,Si indica un inverno rigido con neve in febbraio e marzo del 1731 ad Acquaviva delle Fonti,2,1,1731,1731,NA,NA,Inverno,4,40.896846419999996,16.84607886,Acquaviva delle Fonti,NA,TRUE,NA,NA,2,-2
566,4,Si indica delle grandinate nell'ottobre del 1750 ad Acquaviva delle Fonti,2,1,1750,1750,01/10/1750,31/10/1750,Autunno,5,40.896846419999996,16.84607886,Acquaviva delle Fonti,NA,TRUE,NA,NA,2,-2
567,5,Si indica delle piogge torrenziali nel febbraio del 1751 ad Acquaviva delle Fonti,2,1,1751,1751,01/02/1751,28/02/1751,Inverno,5,40.896846419999996,16.84607886,Acquaviva delle Fonti,NA,TRUE,NA,NA,2,NA
568,4,Si indica delle grandinate nel maggio del 1751 ad Acquaviva delle Fonti,2,1,1751,1751,01/05/1751,31/05/1751,Primavera,5,40.896846419999996,16.84607886,Acquaviva delle Fonti,NA,TRUE,NA,NA,2,-2
569,9,Si indica un inverno molto rigido con neve in gennaio e febbraio nel 1755 ad Acquaviva delle Fonti,2,1,1755,1755,NA,NA,Inverno,4,40.896846419999996,16.84607886,Acquaviva delle Fonti,NA,TRUE,NA,NA,2,-2
570,9,Si indica un inverno rigido e neve in gennaio e febbraio del 1758 ad Acquaviva delle Fonti,2,1,1758,1758,NA,NA,Inverno,4,40.896846419999996,16.84607886,Acquaviva delle Fonti,NA,TRUE,NA,NA,2,-2
572,1,Si indica una siccità nel luglio del 1760 ad Acquaviva delle Fonti,2,1,1760,1760,01/07/1760,31/07/1760,Estate,5,40.896846419999996,16.84607886,Acquaviva delle Fonti,NA,TRUE,NA,NA,-2,NA
573,4,Si indica delle grandinate nell'ottobre del 1760 ad Acquaviva delle Fonti che causarono danni ai vigneni,2,1,1760,1760,01/10/1760,31/10/1760,Autunno,5,40.896846419999996,16.84607886,Acquaviva delle Fonti,NA,TRUE,NA,NA,2,-2
574,9,Si indica un'inverno rigido con neve in gennaio e marzo del 1761 ad Acquaviva delle Fonti,2,1,1761,1761,NA,NA,Inverno,4,40.896846419999996,16.84607886,Acquaviva delle Fonti,NA,TRUE,NA,NA,2,-2
574,9,Si indica un inverno rigido con neve in gennaio del 1763 ad Acquaviva delle Fonti,2,1,1763,1763,NA,NA,Inverno,4,40.896846419999996,16.84607886,Acquaviva delle Fonti,NA,TRUE,NA,NA,2,-2
577,5,Si indicano piogge torrenziali nell'ottobre del 1764 ad Acquaviva delle Fonti,2,1,1764,1764,01/10/1764,31/10/1764,Autunno,5,40.896846419999996,16.84607886,Acquaviva delle Fonti,NA,TRUE,NA,NA,2,NA
579,9,Si indica un inverno rigido con neve in gennaio e marzo nel 1768 ad Acquaviva delle Fonti,2,1,1768,1768,NA,NA,Inverno,4,40.896846419999996,16.84607886,Acquaviva delle Fonti,NA,TRUE,NA,NA,2,-2
581,9,Si indica un inverno rigido nel 1773 con neve in febbraio e marzo ad Acquaviva delle Fonti,2,1,1773,1773,NA,NA,Inverno,4,40.896846419999996,16.84607886,Acquaviva delle Fonti,NA,TRUE,NA,NA,2,-2
582,4,Si indicano delle grandinate ad agosto del 1773 ad Acquaviva delle Fonti,2,1,1773,1773,01/08/1773,30/08/1773,Estate,5,40.896846419999996,16.84607886,Acquaviva delle Fonti,NA,TRUE,NA,NA,2,-2
583,9,Si indica un inverno rigido nel 1779 con neve in gennaio e marzo ad Acquaviva delle Fonti,2,1,1779,1779,NA,NA,Inverno,4,40.896846419999996,16.84607886,Acquaviva delle Fonti,NA,TRUE,NA,NA,2,-2
584,9,Si indica un inverno rigido nel 1780 con neve in gennaio ad Acquaviva delle Fonti,2,1,1780,1780,NA,NA,Inverno,4,40.896846419999996,16.84607886,Acquaviva delle Fonti,NA,TRUE,NA,NA,2,-2
585,5,Si indicano piogge torrenziali nel settembre del 1780 che compromisero la vendemmia ad Acquaviva delle Fonti,2,1,1780,1780,01/09/1780,30/09/1780,Estate/Autunno,5,40.896846419999996,16.84607886,Acquaviva delle Fonti,NA,TRUE,NA,NA,2,NA
587,9,Si indica un inverno rigido nel 1784 con neve in febbraio ad Acquaviva delle Fonti,2,1,1784,1784,NA,NA,Inverno,4,40.896846419999996,16.84607886,Acquaviva delle Fonti,NA,TRUE,NA,NA,2,-2
589,9,Si indica un inverno rigido nel 1787 con neve in gennaio e febbraio ad Acquaviva delle Fonti,2,1,1787,1787,NA,NA,Inverno,4,40.896846419999996,16.84607886,Acquaviva delle Fonti,NA,TRUE,NA,NA,2,-2
590,8,Si indica un calore eccessivo nel 1789 tale da provocare incendi per autocombustione nei parchi e nelle macchie ad Acquaviva delle Fonti,2,1,1789,1789,NA,NA,NA,3,40.896846419999996,16.84607886,Acquaviva delle Fonti,NA,TRUE,NA,NA,-2,2
591,8,Si indica un calore eccessivo nel luglio del 1791 ad Acquaviva delle Fonti tale da provocare incendi per autocombustione nei parchi e nelle macchie,2,1,1791,1791,01/07/1791,30/07/1791,Estate,5,40.896846419999996,16.84607886,Acquaviva delle Fonti,NA,TRUE,NA,NA,-2,2
592,4,Si indicano delle forti grandinate nel 1792 ad Acquaviva delle Fonti tali da compromettere la vendemmia,2,1,1792,1792,NA,NA,NA,3,40.896846419999996,16.84607886,Acquaviva delle Fonti,NA,TRUE,NA,NA,2,-2
593,8,"Si indica un calore eccessivo nell'agosto del 1793 ad Acquaviva delle Fonti, tale da provocare incendi per autocombustione nei parchi e nelle macchie",2,1,1793,1793,01/08/1793,31/08/1793,Estate,5,40.896846419999996,16.84607886,Acquaviva delle Fonti,NA,TRUE,NA,NA,-2,2
594,8,"Si indica un calore eccessivo nell'agosto del 1797 ad Acquaviva delle Fonti, tale da prvocare incendi per autocombustione nei parchi e nelle macchie",2,1,1797,1797,1/8/1797,30/08/1797,Estate,5,40.896846419999996,16.84607886,Acquaviva delle Fonti,NA,TRUE,NA,NA,-2,2
595,8,"Si indica un calore eccessivo nell'agosto del 1799 ad Acquaviva delle Fonti, tale da prvocare incendi per autocombustione nei parchi e nelle macchie",2,1,1799,1799,1/8/1799,30/08/1799,Estate,5,40.896846419999996,16.84607886,Acquaviva delle Fonti,NA,TRUE,NA,NA,-2,2
596,5,Si indicano temporali e piogge torrenziali nel gennaio del 1800 ad Acquaviva delle Fonti,1,1,1800,1800,1/1/1800,31/01/1800,Inverno,5,40.896846419999996,16.84607886,Acquaviva delle Fonti,NA,TRUE,NA,NA,1,NA
597,9,Si indica un inverno rigido nel 1803 con neve in febbraio ad Acquaviva delle Fonti,2,1,1803,1803,NA,NA,Inverno,4,40.896846419999996,16.84607886,Acquaviva delle Fonti,NA,TRUE,NA,NA,2,-2
598,5,Si indicano forti temporali nel novembre del 1803 ad Acquaviva delle Fonti tali da danneggiare le colture arboree,2,1,1803,1803,1/11/1803,30/11/1803,Autunno,5,40.896846419999996,16.84607886,Acquaviva delle Fonti,NA,TRUE,NA,NA,2,NA
600,1,Si indica una siccità nell'estate del 1824 ad Acquaviva delle Fonti,2,1,1824,1824,NA,NA,Estate,4,40.896846419999996,16.84607886,Acquaviva delle Fonti,NA,TRUE,NA,NA,-2,NA
601,5,Si indicano abbondanti piogge nel marzo del 1825 ad Acquaviva delle Fonti,1,1,1825,1825,1/3/1825,31/03/1825,Inverno/Primavera,5,40.896846419999996,16.84607886,Acquaviva delle Fonti,NA,TRUE,NA,NA,1,NA
602,9,Si indica un inverno rigido nel 1829 con forti nevicate in febbraio ad Acquaviva delle Fonti,2,1,1829,1829,NA,NA,Inverno,4,40.896846419999996,16.84607886,Acquaviva delle Fonti,NA,TRUE,NA,NA,2,-2
603,3,In una delibera della prefettura di Capitanata del 3 aprile 1870 si indica come un urugano ebbe modo di provocare un'inondazione capace di colpire duramente il villaggio di Zapponeta nel comune di Manfredonia,2,1,1870,1870,03/04/1870,03/04/1870,Primavera,5,41.449999999999996,15.95,Zapponeta,NA,TRUE,NA,NA,2,NA
604,5,Si indicano abbondanti precpitazioni nell'ottobre del 1700 a Molfetta,1,1,1700,1700,01/10/1700,31/10/1700,Autunno,5,41.2,16.59,Molfetta,NA,TRUE,NA,NA,1,NA
606,1,Si indica una siccità tra l'agosto e il settembre del 1722 a Molfetta,2,1,1722,1722,01/08/1722,30/09/1722,Estate/Autunno,5,41.2,16.59,Molfetta,NA,TRUE,NA,NA,-2,NA
607,1,Si indica una siccità tra il settembre e l'ottobre del 1725 a Molfetta,2,1,1725,1725,01/09/1725,31/10/1725,Estate/Autunno,5,41.2,16.59,Molfetta,NA,TRUE,NA,NA,-2,NA
608,1,Si indica una siccità tra la primavera e l'estate del 1734,2,1,1734,1734,NA,NA,Primavera/Estate,4,41.2,16.59,Molfetta,NA,TRUE,NA,NA,-2,NA
609,1,Si indica una siccità tra il novembre e il dicembre del 1744 a Molfetta,2,1,1744,1744,01/11/1744,31/12/1744,Inverno,5,41.2,16.59,Molfetta,NA,TRUE,NA,NA,-2,NA
610,1,Si indica una siccità nel luglio del 1746 a Molfetta,2,1,1746,1746,01/07/1746,31/07/1746,Estate,5,41.2,16.59,Molfetta,NA,TRUE,NA,NA,-2,NA
611,9,Si indica una gelata tra il gennaio e il febbraio del 1754 a Molfetta,2,1,1754,1754,1/1/1754,28/02/1754,Inverno,5,41.2,16.59,Molfetta,NA,TRUE,NA,NA,2,-2
612,3,Si indica un'alluvione nell'ottobre del 1755 a Molfetta,2,1,1755,1755,01/10/1755,31/10/1755,Autunno,5,41.2,16.59,Molfetta,NA,TRUE,NA,NA,2,NA
613,4,Si indica un inverno rigidi con abbondanti nevi in gennaio del 1755 a Molfetta,2,1,1755,1755,01/01/1755,31/01/1755,Inverno,5,41.2,16.59,Molfetta,NA,TRUE,NA,NA,2,-2
614,5,Si indicano abbondanti precipitazioni nel dicembre del 1756 a Molfetta,2,1,1756,1756,01/12/1756,31/12/1756,Autunno/Inverno,5,41.2,16.59,Molfetta,NA,TRUE,NA,NA,2,NA
615,5,Si indicano delle abbondanti piogge nel gennaio del 1757 a Molfetta,2,1,1757,1757,01/01/1757,31/01/1757,Inverno,5,41.2,16.59,Molfetta,NA,TRUE,NA,NA,2,NA
616,8,Si indica una gelata tra il febbraio e il marzo del 1768 a Molfetta,2,1,1768,1768,01/02/1768,31/03/1768,Inverno/Primavera,5,41.2,16.59,Molfetta,NA,TRUE,NA,NA,-2,2
617,9,Si indica una gelata nel dicembre del 1787 a Molfetta,2,1,1787,1787,01/12/1787,31/12/1787,Autunno/Inverno,5,41.2,16.59,Molfetta,NA,TRUE,NA,NA,2,-2
619,4,Si indicano delle grandinate nel luglio del 1814 a Molfetta,2,1,1814,1814,01/07/1814,31/07/1814,Estate,5,41.2,16.59,Molfetta,NA,TRUE,NA,NA,2,-2
621,4,Si indicano forti nevicate al 28 dicembre del 1696 a Bisceglie,2,1,1696,1696,28/12/1696,28/12/1696,Inverno,5,41.24,16.5,Bisceglie,NA,TRUE,NA,NA,2,-2
622,3,Si indica un'alluvione a Bisceglie al 4 dicembre 1700 a Bisceglie,2,1,1700,1700,04/12/1700,04/12/1700,Autunno,5,41.24,16.5,Bisceglie,NA,TRUE,NA,NA,2,NA
625,1,Si indica che dopo una lunga siccità cominciarono le piogge al 20 di febbraio del 1702 a Bisceglie,2,1,1702,1702,20/02/1702,20/02/1702,Inverno,5,41.24,16.5,Bisceglie,NA,TRUE,NA,NA,-2,NA
626,1,Si indica una messa per la pioggia a causa di una grande siccità al 1° settembre 1703 a Bisceglie,2,1,1703,1703,01/09/1703,01/09/1703,Estate,5,41.24,16.5,Bisceglie,NA,TRUE,NA,NA,-2,NA
628,5,Si indica un forte temporale con scariche e fulmini il 29 luglio del 1706 a Bisceglie,1,1,1706,1706,29/07/1706,29/07/1706,Estate,5,41.24,16.5,Bisceglie,NA,TRUE,NA,NA,1,NA
629,4,Tre grosse grandinate occorse in dieci mesi nel 1735 distrussero il raccolto a Bisceglie,2,1,1735,1735,NA,NA,NA,3,41.24,16.5,Bisceglie,NA,TRUE,NA,NA,2,-2
630,9,Si indica una serie di gelate tra il gennaio e il marzo del 1768 a Bisceglie,2,1,1768,1768,01/01/1768,31/03/1768,Inverno/Primavera,5,41.24,16.5,Bisceglie,NA,TRUE,NA,NA,2,-2
631,4,Si indicano delle grandinate tra il giugno e il luglio del 1768 a Bisceglie,1,1,1768,1768,01/06/1768,31/07/1768,Primavera/Estate,5,41.24,16.5,Bisceglie,NA,TRUE,NA,NA,1,-1
